ImageID,label
005d3487-92a5-48f3-9784-379f1217825d.png,2
00a6a262-1643-443f-b8ed-7fc075ac3c1e.png,20
00f7f66d-96f6-4c9c-b476-dced05e7211f.png,6
01a4038f-159e-4a73-bc65-2d20b3cc2a2d.png,17
01cf52dd-4235-403b-9696-00490042dcbd.png,4
01d298fe-8d03-4ad4-9547-362c9c982438.png,0
01ed9a77-80a1-40ba-a14f-434d8cae1fc4.png,27
01f3eadb-adc3-4676-afa6-41558ffcee0f.png,22
025d6acb-021f-4dd2-9fc2-6a6ea1c25d7f.png,19
027848aa-c988-4fe8-a9d7-cedbe2671e2e.png,22
028fba81-6dc5-433d-8049-093c3cb400b8.png,38
02c6b817-104f-49aa-bb0a-be5af0c7d69d.png,27
03518a39-17b6-45df-85d8-e9f43c41b89f.png,2
03570996-7d7a-4fef-afc2-dd4f5d117c87.png,60
03c4bfb3-9a20-4ba9-9c0d-0c138bbdbeca.png,3
03d9fcf8-90f0-4fb0-9096-6004b907f4e8.png,38
04023326-f989-4c29-a729-d043a3231664.png,54
049344e0-2479-4381-864a-095e4d893727.png,49
049ba09d-97ce-4f18-9111-0d471ca9110a.png,13
04f3d83b-e9c0-43b0-8608-ec7a5c68ebe5.png,4
054561dc-86e6-4f06-8ad5-d1221e2bdc68.png,60
05da2c41-9959-4df6-8e36-d88a2859238c.png,23
061af18d-a436-4158-8185-bcbe4716e252.png,6
0684b408-e563-4d27-8663-7891ec20fa7e.png,54
0691ec6f-49b2-4695-9614-6da7367b1263.png,7
071c04e1-2d95-4fc8-ace0-888a5c679b83.png,60
079ad119-53d3-4419-a16a-9ded9281edc3.png,49
07a21487-5baf-4723-9d9f-2f3bda3e7cf5.png,18
07d11162-6488-4ebb-a2a8-201a27c03eea.png,4
0811bf24-9fc9-4eb1-9e98-38ad2c7b2b9d.png,17
08868fc8-e48f-4c0b-a7db-473fd10140db.png,15
08dd3b3a-13a9-4785-9c36-f9fc6bea814f.png,50
08dfa742-7a88-4280-86bc-74a3ab3abc83.png,16
08fb8304-0b80-4e0a-a58a-5e1583d8ef0b.png,19
090bc41c-4506-42ba-b483-1c918298a619.png,55
09653a51-bb53-44b6-a0fc-4bac3d4758c3.png,36
09834a8f-3445-430f-ad8b-691cf6c9bbff.png,5
09b3c7f8-0b67-4ee6-a333-8beacd8552bb.png,27
0a258ccd-dac7-4273-a7e7-b38a487836cf.png,35
0a831bef-9146-495d-9102-8563398f12f7.png,24
0aa15cc4-7acc-4149-bcc9-f2b6b87033d5.png,49
0ab0a048-b9b6-49b1-ae80-64bc05d9e165.png,4
0abddf31-b06e-4dc5-b7d3-e8820c2428f3.png,56
0b9d978f-c83f-48b6-95fe-051d46898948.png,37
0be619a0-1c41-4bbd-a6f3-1257b16dca1e.png,6
0c69bca6-7d2b-4c60-ba82-631210a0e62d.png,15
0c87cdd7-20d8-44c2-9d1b-3fa96f3fc1c8.png,16
0cbf0880-2443-417a-bfab-0b3a8bd52e7c.png,5
0cde136d-4ea9-483d-8b5e-479e69aabd5e.png,9
0d3f6dec-a9cf-4525-bbfc-d6d6f94d894f.png,40
0d456d4f-c1ac-4329-9714-7c267f2c9e6e.png,9
0d7f7234-777a-432a-90ad-4cb9b4b9afec.png,6
0d934146-3e37-4d4e-98b5-13578355e179.png,33
0de8c28e-8df9-4859-bb1b-4aa12e4115cc.png,27
0e78c5de-f650-4165-b9ba-3f5b23e069a3.png,57
0f68fd22-c1dd-4dab-8df0-808594026730.png,14
0f7636d8-be1b-40ea-9614-13796161c4b7.png,17
0f9b9e90-9c2f-4084-a9f5-c4bf1802d051.png,46
0fc67f59-b00f-4055-8e2c-3ce181db565c.png,60
0fe4add3-26e5-4611-adcc-be13afb44648.png,42
10880d4b-ef2a-41bb-aa79-a888fd3d6a14.png,5
1139afd9-0f01-4835-8b0a-bb692eb4e24c.png,20
11630353-bb9d-4f85-9014-675086abb67c.png,42
1163b11e-e735-4125-bd49-4a475466f043.png,5
118fe09b-64de-40c3-a606-55e1c338a327.png,24
11a4839d-dfaf-4d19-a41f-05562538fc78.png,33
11d854ea-edc5-43ce-b45a-1c335c772151.png,60
11e0d4cd-e12f-49b1-b400-fbae86b0acb0.png,5
12cc434a-756c-44d8-8a06-ada53002265c.png,36
12e2b307-ee8c-45bf-a447-58b8db149e34.png,7
12fe23c8-ed5d-4465-868d-dde31f5510a9.png,23
13019772-dff0-4b97-8c13-7c63cef93c87.png,41
132bda7a-719c-4b49-a7fd-5e9261692492.png,8
133b0af8-8e45-4bec-b321-e6e139c7a1f4.png,32
136120e1-1b78-4ba3-a3f4-a27f7476f50b.png,50
13887521-fc68-4856-ac18-ab39baa20da1.png,25
1392cf46-dd3b-48e0-8e61-497c281c52fd.png,18
13b49360-37f7-4c4f-bc39-2dc46c31dc77.png,33
13d01c42-049d-4864-8c89-3294351961b7.png,49
13d1d0ba-dbc5-4ad9-8e11-416aaa183184.png,10
13f3696c-7b7c-416c-aa93-27ac8abdd964.png,33
14043015-264e-4b78-bab9-d225f8c70720.png,36
144dbc71-f0ac-4be1-8b0e-010aecd5737c.png,30
14720960-419d-4e78-a487-1e383210025b.png,32
14a91fcd-8005-4ef7-beec-50c4c9cc8d5e.png,24
14c33666-7051-4d77-9292-e1e75491751b.png,15
150637f2-95a3-4819-b638-93fa88d126e7.png,56
153a96f2-df60-48f2-8b48-ef53f16561c4.png,17
15513a15-ab5c-4775-be06-8632a33703e0.png,36
15651b5f-c96d-438c-874e-fa8890fac92f.png,10
15afc8e5-200e-4099-b955-1ecdbf3bde64.png,13
15b18cf7-b00a-441b-b6c8-4b3958538d26.png,35
15c83a53-f80e-48cd-a0af-8b90a02b528a.png,5
161fff4b-6980-4090-a97c-5577e80ed93a.png,32
169b9c95-fbea-408d-9942-cbf305326b40.png,46
16f15d21-5371-4d9d-a403-6ebbfb9703f2.png,9
1747770b-699e-4e56-8424-0a592888ee28.png,19
17a06310-1b60-411f-bb61-c3cc24f66a93.png,0
17c936e9-f8d8-4343-8a94-13219a4dcd9b.png,38
17e4e2d7-644d-4675-8921-3ee7255275c4.png,27
18134ddb-3eec-4ab7-80f5-4f2271f22a39.png,33
18255033-9664-43fd-8457-1902f938b98c.png,17
185703bb-2a01-4b93-ba27-155fac1a1037.png,50
18f31e2c-6f7a-4e7f-be93-88f377cb0bd8.png,20
19266241-4330-4443-95a4-52237b48ad2d.png,56
19564ef0-9a11-4036-a112-4fafbe6c9f92.png,61
195b098d-0621-43da-aaec-67ca7553dcb4.png,8
196548f2-833f-4f6e-9ff9-72358f838160.png,18
1a836ad7-0ccc-4423-8002-0d8f8e61f659.png,13
1abd3aee-0591-48d8-8c19-73e6c81b0895.png,38
1aebb63b-7f9e-4025-a79f-b5f7c61ae356.png,2
1b4db1e8-9909-47ce-8610-6ebcde11b6a5.png,6
1bcef248-69a9-4292-a826-cd8c21554991.png,35
1bde8544-b9d8-4afc-a297-b3d0591c0ca7.png,10
1c7860a7-4f5f-41d3-84bb-e673ccae8ee5.png,52
1d8ae14b-ff20-40ce-9f40-c8d4eb4a86ad.png,56
1d8dd9e7-9937-457d-abac-abfa9bdac744.png,40
1d9003e9-0bcd-4650-a438-c4fe4125d97d.png,18
1df2bc64-194d-4446-8ecc-366a816f1235.png,3
1e4787d7-7c0c-40c9-b1e7-289e7d3d8091.png,40
1e4eaa10-4fad-4399-bf0f-36085acbc102.png,19
1ea2657c-aee1-4571-9e9e-2dbdc6381e77.png,23
1f250957-f2dc-4345-9fba-17af47a261e8.png,24
1f3a0706-749f-43d0-9003-2705f134eba0.png,50
1f936d23-ccb2-4d6d-a6ca-f771ec64fc2a.png,21
1fa932d0-e9d9-40ac-a7af-5b637dbe33d0.png,21
1faf5b8e-0f60-43ac-92bb-4cdb77f6eb39.png,13
1fd5b557-b843-438d-af4d-ca1ee3ba5cc7.png,15
207be246-c5ef-4a05-a359-bd4b2de81f0c.png,36
207fbf5e-e6dc-40ab-8db3-f288fb17f745.png,20
20aa4b6c-4344-4639-97b3-7eac17d384b6.png,16
2164e05e-cf38-4372-aec2-b8f32fb98d44.png,4
21f1dd6f-99d6-486a-a5b4-9a0912b86541.png,36
2235a57b-4ac1-4221-8cfc-872a84a1e5b9.png,55
226a775d-2bfe-414f-ad70-6dfbbcf80210.png,60
2390a01f-bd11-43d8-9d4c-6bffb54dd9af.png,36
23ea882b-f717-4a3c-bd0e-e85b971408b7.png,2
24299bd8-d73f-439b-bf2c-d602543d5114.png,7
24494bd5-eb45-4ce8-9b9e-693a6c9f3249.png,20
24a86641-2242-47dd-8aae-e59aec054bf7.png,27
2510a598-6687-4818-a8d7-99810c3f54d2.png,27
2525c2d8-14a8-4a6e-9340-a552de3b8bed.png,21
25a743ac-40e0-4127-9f17-95c7d32e9b9e.png,4
25c1657e-3d53-438e-aa90-ecb3db17def4.png,10
260df5b2-6347-4aab-85ed-68c9e8bec9bb.png,6
2620a92a-3b7a-4792-9526-ec63deaa0526.png,20
264da8af-7232-4cff-8e07-44ced8ab71a0.png,20
26701918-ff98-45f2-8c26-407fd7a60178.png,20
26728aeb-05ea-4a70-8ef5-c6cb4e158a29.png,10
268c77c7-4f76-4fe6-93b1-b92cd22cd60c.png,19
271daa5d-f4b1-4f40-9132-4f93cc6d77f9.png,38
27383055-e15b-4873-b0f5-6dbd3e2649df.png,34
27e24e8a-eb77-4074-ab0e-e73b2f8ca3f3.png,2
280e1854-a694-4ce4-9d0c-44dbdd52fc7a.png,13
28762089-d2ea-4311-868e-16bb8586d214.png,4
28766e64-9ba2-4a35-ba6a-ddcd3d823d31.png,36
2894920a-4a45-482e-a8c2-1fb89bc6bb69.png,9
28c15f2f-36e1-4c33-9ca3-7cdb211a168d.png,23
28d78aaa-1107-4c82-b3ab-30f31d0c3c3e.png,15
28e8508e-984c-44a3-b2d5-becf2dc6be10.png,56
28f74b2b-a884-4863-bbc5-9c0f0684815f.png,17
28f87cdb-4780-4fcd-a824-6c6f3692db3c.png,23
28f91b02-cd09-4398-9d36-7879ef0f9cb5.png,7
29d1c255-8dad-4c1c-b87e-232fea509d3e.png,15
29f43c11-24b4-4ef5-a11a-ee4e398a5c2f.png,10
2a3cc440-9d4c-45d7-84c3-f1eabef3be9d.png,13
2a764960-f1ef-4c91-9bbc-71dd0c4e92be.png,32
2aa4535c-8895-4a9d-a81d-0168bae89a29.png,15
2ae4e8a9-c451-44c3-806f-c2812fe9c07c.png,14
2b075055-a044-4a08-9cf2-accba7fe92a3.png,9
2b3b5c78-c799-4f18-afa4-bce7bdb4f891.png,22
2b74bc0a-02f8-40e4-97b7-3fb09457fc00.png,27
2b8f7d2c-b349-4c13-bbfe-7961ff0eb7e4.png,10
2b94e262-0a79-455f-bc5f-05a175f4ec34.png,21
2c66d8fd-6bfd-4fbb-9502-9de5d766df62.png,36
2c7cfa5e-beee-453e-bfaf-c675aa6f9287.png,9
2c80cd76-2a8c-41eb-a4f1-211005a0c4ad.png,5
2cc40388-13d5-436f-bb1c-41514a1ba167.png,19
2cdcdc18-837a-4f8e-bac0-4709c70c30e3.png,37
2ce64f7d-7093-4f7e-8e44-aae37c289636.png,36
2d255595-9864-4ed2-9897-159976603a75.png,21
2e12e36d-3cdf-44ad-b4c2-fdf3090d1074.png,33
2e1d9e34-e6bf-44ee-a3ae-3d97a8349f82.png,27
2f3a987e-5f29-473e-bba8-fac0ea50f2c9.png,52
2f48495e-0d02-4663-82a7-4eb9528c4cf4.png,36
2f5fd100-123f-4e99-90aa-0dedd92db5d5.png,22
2f70a94a-9a9b-4d51-b6b7-ef8be08974a0.png,33
2fbf697b-bdc5-4c43-9699-ddca44cbdfa8.png,39
2fdf1e4f-1820-4fd1-93d8-013973bc4131.png,33
2ff4f815-af5a-4d31-8b23-fcd0aa69db8b.png,10
3061648a-8bcb-488a-ac68-b5491f6651f6.png,16
306fdfc9-977d-4319-a484-88d3de57a690.png,3
30da0067-b8b4-4f85-92e9-c8b47373fc03.png,32
30f01ee8-c5c2-4b09-990f-293be2f8f802.png,20
31039be6-9fbc-4ac9-a190-2ad78c2fb8f9.png,13
3170f137-de6a-4af3-8f89-b20ed9476145.png,36
321bd7b7-8f8e-4511-84dc-9d3f2fc1e16c.png,23
3278c623-d17b-409b-8e45-b529ae8d1810.png,20
3291c7f3-14ea-4f8c-9d27-fb23155c77f9.png,2
330eb5be-1341-4909-bd7e-09ebdb14adfa.png,4
3313c820-8615-4a69-a615-038b47b6efb1.png,37
344ff1c4-aa2e-4777-a049-16ad446d0c6e.png,13
347780f6-2f3e-441d-97b6-26dff5d19beb.png,60
34ac6f6d-c5c9-4d64-a9c1-33cc380e2d04.png,27
35419dd1-4f23-461c-84d2-4085109631f3.png,27
35a1f5b4-0dd2-4f94-9df9-0ea0c4e3d90a.png,60
36236c19-1701-4cb9-8e56-9d0f75fe1b79.png,18
36318959-56b2-4e85-8868-34e5482ce115.png,24
3658e347-92be-48a8-8154-2cdf491487e5.png,13
3668b51f-9aae-4a0b-974d-a62a992b2db6.png,27
36dad04e-64d0-4a90-bd5c-401ed0f37c30.png,26
3732df92-9af8-4aa7-b850-5e9e58706d17.png,21
377239b8-67b7-4f58-ae37-0f0c4a06dffb.png,18
37734aa9-c508-4cf6-91a7-6297b55590a2.png,10
37d117fe-ccb1-4a87-89c9-bf930b501d56.png,15
3827dc04-4e57-4dc6-9366-e1196b033013.png,8
383d081f-469d-4f9a-8139-7b1ce490d19f.png,33
3855f8b1-5d70-4b07-af08-df571a89e9e1.png,57
385b1c8a-db99-4a5c-9672-4e80c5d20580.png,15
388a4fb6-14bd-40cb-940e-b05693bcf891.png,15
389e06b0-7976-46a0-942e-ac1a920db564.png,56
389e3baf-3310-497f-97b6-a3ce53646966.png,6
3949743d-c989-4440-a703-f3ce852c3582.png,2
396756ec-779a-458d-86d4-949f6218a1b5.png,45
3979915f-c4eb-4397-b625-90527f2195ca.png,23
39ff0f89-f4d9-4ea3-9f4f-591454b36f0d.png,36
3a4c1b4d-8e9c-4154-8b82-c58a8065bd5e.png,20
3adb37bc-850a-4441-a4be-089ac352343c.png,20
3b3d4ec8-737d-4f17-878f-663996e6338b.png,17
3be0e3c0-8759-4f69-bab9-d4c4fd6e80b4.png,28
3bee36ab-0a6d-4b20-8d85-0ad6af91ef7e.png,10
3c75c3bf-43f3-4d2b-bf4e-f65ada9f619e.png,24
3c89cad7-ffde-4105-b0ff-5a8ad4f62a36.png,20
3cc3bbe0-b5c2-4343-90e6-4dafca657df1.png,28
3cef1681-4a55-417a-a654-e9924c42b7f8.png,9
3cefc27f-1f7b-4f3c-90ee-00d456c17d41.png,14
3d19cbec-3cfe-4fdd-a7e5-b6f7e03f4474.png,23
3d3a6ec3-711e-49dc-84c0-e4ff0d1fa357.png,36
3e3637c6-4ee9-44ac-91fa-db4928b4aed0.png,2
3eedf6f6-075f-405b-83e5-dcf73e4203f1.png,13
3ef5092e-c5e3-4f0e-a5fc-e800c8d65d43.png,20
3f1d4a14-5645-4ecf-a4f6-fc001c43b4a3.png,36
3f3796f1-45dd-4e61-8a18-72c7949b0718.png,9
3f71c304-6a2a-41b1-b6e1-bfd63ae3df63.png,15
3fa233d3-811b-4c1f-8034-dfd6d5e19553.png,3
3fdcdb15-c829-47ce-96c4-2d89baabe3a7.png,1
3ffbdd8a-3bac-4945-be87-460ebc03ae63.png,37
406eb859-fca9-4b89-8beb-712c8bfcd1c2.png,36
40a56c28-ef3d-405c-a5c2-223f2362fea6.png,50
410ec8f3-0300-4c12-b47d-2af5e7f66d39.png,24
41c0fa84-160c-4144-a32f-15fb9696a441.png,8
422671a7-47d5-49fa-8318-7398d00ad157.png,24
42328248-e145-47a5-a0ef-79b91a03156a.png,26
42405942-3b58-4594-832d-5f8e1f7cc454.png,22
42b2acaa-e214-47a2-8f4b-a369bc5d6a75.png,21
42c071cb-7bf5-4b67-976a-c3a0cb980da7.png,37
43173ba2-b799-4ee3-8a76-c74369be30ed.png,3
435033e9-fb3e-4a56-9784-705147fac00d.png,36
4371c589-ad83-425e-b942-d7e771463b40.png,40
43feff00-8cff-4b45-b397-0b5e79765f56.png,9
44169f30-e388-4b93-b52f-9d1337fe7bad.png,9
447d5c43-7485-418b-a6d7-f2980ce6e74c.png,20
44b26b3e-0168-45d3-9d24-3d5ee2dff7a9.png,32
44b294a8-f8cc-4a92-8582-45e5ce740e78.png,23
44e7689a-ca7e-4aa5-9b7b-8f01346d1dea.png,42
452570fe-94e9-4637-8a59-5ccf3ce37479.png,54
4550c6da-42ec-404e-92ce-2863689a53b6.png,18
45ac2e3f-0cfc-490c-973c-b334e6a47e9e.png,17
45c3bc15-a33b-4853-89d2-16dfd03feba8.png,46
46096b66-29d6-4dea-a396-3b4a1a9a7dc4.png,0
462a8e7b-3a09-4ad7-aae7-52b773f7209a.png,33
464a23ae-7016-4a3b-8ebc-a20426efe5d1.png,9
46bd0039-85e5-4d4d-aaa1-528c3849fa75.png,8
46ccc13a-1ed7-4061-adce-e381c4039292.png,0
4700440c-b563-41dd-aa6f-e306cbc781b4.png,4
47569cd8-e762-4dd9-acbf-aff45227f376.png,21
47ae1553-a9a7-4da7-bc8f-78bb45ac2b35.png,21
47f554cf-1c74-4c22-a5ad-e642a10759fa.png,33
48271cdb-8cb6-4525-ab03-cb3dd3ee6a87.png,33
4834aed1-d6d6-43d9-a82a-84ffc1b3a8a5.png,49
48762bf3-222d-4551-a24a-5dd367b6b970.png,32
488f0c17-634a-4537-b17e-4e4d97e711e1.png,9
48958d8f-ff77-4199-936f-38a94157bac9.png,4
492ff3d7-2cb3-490f-9c92-31475c0d79f5.png,7
4962b7a0-9a3c-4100-8dff-b00d94bba9d8.png,16
497881e6-7441-4ef8-9d9a-b4c76a70ad5d.png,20
4987f05c-6f2e-4837-80db-f0e014d78c8a.png,27
49991f18-a044-4cfa-9f76-769ef94a924b.png,48
49c6c6e7-1a86-4ebb-a2e0-862c66353c57.png,10
4a793882-ef74-4f47-991d-1fb31a013bef.png,4
4a8bd2e4-b0c0-48a2-8a70-72e3fe15530d.png,20
4adce280-9f2c-4607-967b-df3efaa1a539.png,10
4b17a9b7-40de-4ba8-9bdb-47aeb04edf38.png,8
4bb6e894-cc15-4378-b381-28ddb7a6eb4f.png,2
4bd691f9-0bba-4221-983b-8d0c968039d0.png,13
4bf14047-6994-4406-b4a8-f6a1d44d46a3.png,15
4c3086b1-9e5f-4518-a75e-e696959a8807.png,21
4d4afb13-f8a2-4403-94eb-d1dc23957ea5.png,23
4da1469b-daff-495a-b49f-9c9d93a07aa3.png,24
4dc2be46-fc6d-4ad9-b2d5-5fd773314d9d.png,4
4e8aacb0-898c-44b9-bad8-b1056be79efb.png,48
4ea82629-dabd-48b0-879f-b3c5a1af6548.png,4
4f27efe5-5a04-4fe7-a89c-f2091b34b5c4.png,20
503fb0a7-3f6e-4297-b627-63ff12be7903.png,17
5080a8cf-2dd1-499c-9410-e586c7685f21.png,42
50ab1ae2-0f01-4366-b4ef-8c1ceb9551e8.png,15
51925386-4b1f-4c95-b10a-e5546cbd37b8.png,49
51ef24a9-dd42-4a7d-9184-83853e7db005.png,60
51f3eeda-70c8-441a-aebd-c2a6ff4268b7.png,23
5233058f-515b-4574-b177-dfc1985b66d2.png,50
52517e06-5227-44f3-927e-1e10de1c775a.png,60
525b4875-9fec-464b-9002-54d918445f65.png,56
529799f7-6875-4d42-95ef-362a09847391.png,38
5341ddfe-83c6-4066-90df-fd15a5678811.png,3
536eed11-2c27-4594-a3f8-d9439450e9fd.png,33
53895163-b6ca-4b5a-b5b6-af7ac52dbc3d.png,2
54750dc8-dede-44d5-9101-7c4bf8d16027.png,8
54abd53c-6f88-4eb4-adbd-e1a4f94a11c9.png,35
54f316d6-c736-400e-90bc-0231c5cbbbf8.png,18
556f79cd-b781-4dff-9939-4c4ac63705f4.png,44
557d226a-4490-4167-9603-84915120e858.png,30
559234b6-bc24-4400-991e-20b97c19d6b6.png,36
5631d29a-430f-4273-84ca-3fe36469a36c.png,2
563c4650-2a1e-4bfa-a0cb-fb0d7d48f73f.png,21
568e1bb4-e32d-46ee-8b30-5fec24fb54e4.png,32
56cd36a9-9cc7-4d0d-87f5-ee4bd96d15f8.png,36
56f1439d-9f44-4203-b2dc-cede56bb7a6f.png,10
57257db2-b494-44d3-a4eb-b1b37f22e6a8.png,15
575ed6d2-43be-4608-8f54-d9d176fb0756.png,40
577264f8-0437-4639-8280-f45728626248.png,9
579d2311-c3ea-4c58-b7e1-7f938071819b.png,9
57d28c50-275b-47ea-9839-f1364c3090a3.png,1
57da5831-4853-4520-baed-0ba99857824b.png,33
57ea26b4-3d86-4358-ac6b-def5bbda91b3.png,3
5804271d-75f7-48ad-8df1-f8ccc72cd568.png,37
5836002d-dbd3-4ffa-8248-eb6ddb47d15d.png,24
58d83fbc-bff2-47b8-8f61-c14ca7d0fe6e.png,50
59012800-1d91-4de9-b72c-742b24c6a79a.png,45
596ceffc-c5ce-49bc-b46b-7d26815577d5.png,20
596d5109-20e2-44f2-91aa-9c8ebfe34cdb.png,20
59d7fd34-69bf-4d10-8d98-380a259d3cb6.png,17
5a0b6f9e-ee09-471c-bde7-0454f10b6de7.png,0
5a2323e4-92f4-40db-bf94-8c6a504e7eb0.png,16
5a2a8a26-8c5f-43fb-b627-933ffc54386a.png,30
5a50cce5-1bad-4c1d-b03f-7ed1434fa88d.png,22
5ac10c2d-4119-4a64-9199-04af361ed7be.png,22
5aeab897-83e0-41c1-9e6a-36d927594ff1.png,9
5b3f2297-5f16-43c3-8bc8-57087288c3e3.png,6
5b712c74-8918-49b7-90ef-a9852c25ecde.png,60
5c62b044-8801-42b2-99ee-e46b884f90ab.png,15
5c714071-b223-41af-aeed-a81a75dfe115.png,4
5c7bd3db-c7ca-42b6-8c1a-19283fda96e1.png,21
5ca9067a-450e-47c8-b6da-4041c140ba24.png,19
5cfffd1f-1907-4bf7-a3cd-314bda0522d3.png,9
5d4312d5-2292-40e7-bf8c-bf5228faf680.png,18
5d53b174-2c86-4dd4-900c-81f02e054c7a.png,27
5db44d31-8ef3-4fa1-8b20-c0effcc6c07c.png,47
5deaaa65-be5f-4a80-b514-489f43da48dd.png,8
5e011ef8-4512-47ad-a8f1-9e6714bb796c.png,27
5e0177da-a125-4eb2-bd4a-3ff81a4dc85e.png,35
5e026260-fde6-48bd-9e6a-19979d6adf34.png,13
5e8a4ad2-b40a-4c9b-85c2-06fda38939ef.png,0
5e9a858b-babc-4878-b5dd-4ee9a9166eb3.png,21
5ed027c5-e90b-4292-a5da-5df00e93e23e.png,20
5f0c4c46-69a6-42d0-91de-921bde2efd9a.png,5
5f551eb6-47d4-406b-bc23-39d9b43e33aa.png,10
5fcf2d0c-3bad-4d8b-ad88-a993e7507f97.png,19
60395ffc-c7f5-47bf-a7b9-657c099d8724.png,46
60dc19c3-f512-41b3-8713-873d90f411eb.png,18
610bf7a1-9ec7-4bce-a7c1-87bac43c76e6.png,32
61c7f7a7-d754-4195-b1dc-87341f2d5a5e.png,8
61fcb63f-1d4c-473a-8fb8-e42ea7f5668c.png,46
61ffbf3c-9455-4933-8af5-31f1214c43c1.png,53
626cb351-fbe4-4f81-aa9f-c784f19e7a88.png,17
628b224e-7587-44e1-ab39-1bc21bb0f1c5.png,6
631b2b2f-62e7-4427-9438-3096cd0ddd90.png,13
63549ebe-fe54-4199-8100-906bbbc43244.png,15
63696117-9297-45af-b5eb-e3b688706d55.png,13
6380444a-11f8-450e-abdf-4ce425714d6f.png,1
63d43a99-8a5c-44a1-a542-50742b3bb674.png,3
63de1ccd-be1b-44ca-9114-167abf3105f2.png,33
64509fae-bbd6-45d4-b231-7e2dd21b6bed.png,13
64ace21e-859b-47a3-b897-81e54bbf181d.png,57
64ca40e8-82f5-4824-b99e-e6ae52e1fad3.png,4
64ca5056-b246-4e79-9e96-f700f6044cac.png,52
65248230-32fe-4211-89fe-5164d7b3d78f.png,2
656da796-f387-4d04-8e08-319c41489fd0.png,12
657e4620-972e-4ea6-8b9e-5921594a8516.png,18
6586d16d-a96f-4973-bc7a-9eb833687fb5.png,22
65b89e3d-cca4-4d20-accc-a68dd328f9a3.png,36
66229347-5a53-42d5-a7b4-b28fcba38496.png,60
663694f4-b469-4d84-9ce1-1cb2e2561f79.png,5
6698da8c-4f89-4971-a9dd-d0aa85d5bfc0.png,21
66d3bfd9-51b9-4deb-a175-584af6b1dbbe.png,40
675ae48a-01bd-4564-b62a-87bd4f9ca020.png,36
677d84a7-3eff-4d24-b866-5b6889288589.png,6
6791055c-469e-4343-94a6-ac58f77395b8.png,20
679c357b-a983-415c-9886-47e13badf6c5.png,40
67d1036e-8e89-4705-afd4-66f52ec655f0.png,18
67d750c4-21a4-47c4-9b16-00c7625394f4.png,32
67dab751-9782-445f-a067-f77a8cff4cf6.png,33
67e5e541-559e-427b-b08d-5758b2a53e04.png,4
67ea18c3-28b3-45e1-b5c1-e0a6c7c7501f.png,19
685cba24-108a-461b-a9d0-8a7740a2fe1f.png,27
68dcfab9-a94f-42c5-9c7b-f5ec5f18725f.png,15
68dfd514-fc17-475d-afc2-a020e49c8a02.png,27
69571f28-5256-410f-9071-f5b706ef62b8.png,39
6961e952-e8ab-4a00-9ccd-bca5b38c175d.png,10
69870131-20ef-4804-beec-3aa21b7d1716.png,17
6a0abc1b-e5c4-4626-92da-88404d0c1499.png,15
6a953826-0148-4003-b7da-45844a05ca39.png,19
6ac6116e-5f39-45ef-be21-52db07565d5e.png,23
6ad232f8-56bf-4532-9f51-61acf3d1c66c.png,49
6adb5e89-ae7d-4132-a022-9d86b5f99711.png,20
6adf1d31-5201-4de2-87af-207b6068b44a.png,53
6b6692df-2d68-40b8-92a8-75f950b69efd.png,20
6b7de08f-7970-48b4-84d8-bf492d44ebe7.png,8
6b94e855-0fa8-4e64-a669-f627088d6427.png,21
6c94121b-8b8c-4c43-a636-4f4f7e9890de.png,3
6cbd14ac-41f0-4298-ab0f-5e255a7aa6d2.png,33
6cddca6d-33df-4d73-b86f-0ad8879d437d.png,17
6d124599-3091-4d70-8721-8ca19a2be09f.png,0
6d36483e-db4a-4954-9dc5-540960dbb0d1.png,31
6d798a57-4b9e-4b45-96ba-7d7a5429d395.png,30
6da58d5b-91a1-45f8-b2e1-6acb9a29fdf7.png,33
6e0d6e4d-6fd4-4d18-9392-356ccd627ea7.png,52
6e3e77a3-bd23-4de8-9a8f-7053826964ea.png,32
6eac6419-c4da-4228-ba50-2743dff322cf.png,16
6ed15540-a98a-4400-a873-73fb1561bbfc.png,4
6f0b2aa3-9f8c-4460-9a50-545b99cacd89.png,13
6f4904dd-ad30-466a-9b7b-1474ac38c470.png,19
6ffa09f7-3474-49e8-b47e-644aab802b3c.png,33
7008f5c1-ec27-4325-8b3a-2e3b02aea843.png,15
70093332-79c0-45da-b4a9-17a15093e0b2.png,15
7027e3f2-ed78-4eec-a8cd-a4ed595cfa8e.png,52
702fff34-a9e5-4911-aa44-8be1729c309f.png,36
70490201-924c-4791-895e-f299c92ed743.png,4
7108e43e-a6bd-4d1e-8117-062ea68315ae.png,14
711da32d-257e-4bc1-8c65-103291809e12.png,24
7175a36d-f010-4749-be92-f10d07b0c72c.png,51
719283f0-a359-4b4f-b0d9-7b18e2884914.png,16
71e71d1c-cd86-4379-a25f-21dfeb61d0ad.png,36
71e94060-5839-479f-b959-448f201d7cb8.png,2
71e96887-b87f-472d-bbd4-365c12c691dc.png,15
720064bf-f8dd-4fbb-a20b-05e35226641c.png,10
7273ba8f-8ff1-48eb-a7db-e6f24f955e5e.png,3
72bd8fda-c53e-4c47-8eb5-34a008811422.png,50
73658ca8-87f6-4230-aced-21050d3b3057.png,46
73e92f08-9293-4c51-9a48-e39c302a9919.png,60
7412d437-8ba9-46d3-bb63-083f19d9433b.png,15
74928bc3-a38c-40df-b4c0-99451984d4c4.png,60
751409cb-7a2e-46a5-8f72-6f868f2fd6c5.png,20
75386eb5-a2f1-497d-8511-7dc5b9e62a11.png,15
756216db-873c-4794-8e81-8d890d6fc869.png,17
75664006-17f7-496c-840d-cff01beda85e.png,19
75b45436-a78b-4272-a205-e3866ac4b233.png,59
75e30e32-c32f-43a2-8b66-b60833066d65.png,33
75ec0d2e-05a5-4b54-a4b6-8378bd37d175.png,56
75f443fe-452b-4ace-a6b3-aa97fa1b9c71.png,8
7672c5a1-7968-4408-bdda-57370d53109f.png,36
76c994e4-99a8-4204-81ab-9ad742d4ac90.png,33
7736ffae-02ad-43cc-851c-d0445c107f19.png,60
78557995-ca24-4116-a05f-c85f5372e461.png,38
78577f9d-ba51-460f-9649-af1e3ae4c7a3.png,26
786792a2-da9b-49e4-99bd-b999d2fd525a.png,9
78685024-bcdb-4b93-ac5a-bc3958073f1c.png,15
787cd90e-b507-42bf-bf37-ba8f682f6ce0.png,0
789eb81a-3dfb-4e41-b4d9-8381a1a5eae1.png,44
78dda87c-1b8c-4982-b9b6-e0c44a463975.png,4
78ed3415-c1b8-4047-af2a-e127ee8c67f8.png,2
7960f28b-d20c-4dd3-8fa0-97972027bc3d.png,32
797d490b-d548-4a3e-b113-6cf204b409f1.png,15
79c2cf63-4d75-4e36-a6f4-6556d5bcb545.png,14
79fb37fd-e87b-4fb7-8d15-4f97a8656690.png,18
7a020555-436f-4dc5-ba19-46d08ca691d7.png,4
7a032353-1e84-45c8-a42b-d13f2a0aa3a8.png,6
7b498cd9-6217-4b3d-99e7-84bb60264e9d.png,52
7b5ea488-9297-434a-b692-8aa65c86597a.png,9
7bd7e68b-c902-4e74-bb45-489794f6043e.png,36
7d03bad0-b494-4c5f-9709-cd83aaac60f8.png,27
7de93d8b-2195-4106-bbcd-fe981c164c82.png,54
7e36a836-ef14-4b39-990c-ea3a1f283648.png,20
7e51565e-a9cd-4174-9565-bd76beb6b083.png,1
7e87cfee-02fc-4192-83ce-52672c163dd2.png,36
7ef71214-f907-45f9-98ff-858dbdec4aa4.png,17
7f04e90b-9d89-461d-94ed-e97790e64515.png,60
7f903795-6316-4e4a-9e30-6f26fd367244.png,2
7fb725ad-54c7-4e67-9e38-83d9a72330ec.png,8
7fc4c3ca-c2d0-4f74-9fe5-ab42e0fa71bc.png,42
800208bb-32da-47f6-ae3f-8fcf785bbc8b.png,10
8007f478-e6f5-4d4f-bf25-47ae39462363.png,19
80d98d90-7ef0-4902-8ea8-aad2305e356a.png,7
81c09b86-9ea9-4f54-b500-202cd29f262d.png,15
822fb06d-e636-449c-b899-287bdea57d05.png,52
82395332-4bb3-4e3e-9501-dd1191c41a3d.png,18
826f9410-a7a7-42b5-8eb4-43178830a4ff.png,20
8278eba3-537c-450f-802f-421fd23f459a.png,0
8298e6d9-cc2b-4546-9515-c5f47c6abeaf.png,20
8308a530-232b-4af1-9483-3e9112992772.png,40
83526ac1-0d9b-4c09-be0a-43441fb9056f.png,51
8407fd83-8e06-467d-b657-2a53b44aa7a1.png,14
8421f305-edaf-451a-8495-bd4bfca8c021.png,22
842a3f9d-2fb1-4ef9-9b84-67fd729465b9.png,23
84a9a54e-d9db-4797-8e4d-fdec44e96207.png,46
84b2e5ee-9882-4d9f-8188-f3d15478682c.png,53
84c02951-2eb5-408f-b762-f4097aaa0dbb.png,33
8579f690-678e-4476-8461-899d9e3f2b64.png,19
860f2fa6-8340-4c23-8b25-2bf8c2c6ee3c.png,20
8643ac73-5238-412c-a5d6-8136d7ea39ea.png,20
8683b9cd-3c01-4726-a14b-ce0f92d4ec25.png,16
86a3420c-b5d4-474f-8c90-777584e6bd46.png,2
86d1bb31-56b4-4e5c-bb43-394a7f3e55bc.png,6
86e1d8d4-763a-4126-84bb-ce137bd31963.png,10
8770b743-8741-476c-af78-9d2640fc740e.png,48
878f0d23-2c23-449a-ab2c-795c21dfbbf1.png,43
87c7f506-ba2f-4d77-9c35-95e8a6906667.png,50
88f33108-253b-4017-b9b4-eab5280db0f9.png,9
89045e44-cb3d-4f34-8e7d-d32f81a8540b.png,17
8908335f-9501-41ae-a602-58e42e191e0f.png,18
896296ba-a6e3-4a51-96ef-cc7ed4d8b892.png,0
898fd693-6365-4bff-b182-5c2357e32900.png,4
8aada191-a656-431d-82a7-c19e8fb31d4f.png,3
8b30d6bd-9a06-42c2-80ad-d0d0d42a8e4d.png,36
8b40172e-16f9-4f48-b2f8-0949085f540d.png,14
8bba433b-d820-4d37-a63c-237c5cd682b0.png,37
8c178397-4e44-4c16-ab8a-e693b48b8551.png,2
8c39da94-97a1-45af-b873-20cdea6b7bf0.png,35
8d25719a-b216-492a-93e5-68bc7c1afc9c.png,20
8d49a475-0675-4bab-b62f-6e7942d2bdd2.png,15
8de27a14-0346-4eab-807c-2a8f3437b1e5.png,23
8e05e92f-a1c6-4c03-bcdb-a89ff64d8af5.png,36
8e2bd2f9-817f-4bb5-8723-bcb89847ca73.png,7
8e40d904-541f-4d1c-96e2-7437f5b93c1f.png,19
8e8d19da-dd48-4f56-a2f1-9455bc7bebe5.png,39
8e915a86-fe4c-43f6-95b5-2a93e32a15f9.png,13
8e95737f-9cca-42bf-84ae-27ffe97f980c.png,38
8f0f8596-7275-4e76-a893-429d8ef659ac.png,47
8f63f4ba-8d06-4e9e-9b77-07e38866e8b6.png,36
8fc94aaf-b774-4d4b-90ec-5cd13b968d08.png,15
9029ed18-2e92-4a2f-ab06-dcb95241bb65.png,17
905de81f-2d45-466d-8830-f3f653902d3e.png,36
90cb7a5b-7198-48b8-a1d1-cef7a709d446.png,21
912272bd-8b08-4716-8d83-e0b4f9de1a72.png,31
915b78cf-aca9-4c02-b689-830e1114a203.png,13
9210c8c9-7b6a-4c64-ba96-edc4db033253.png,30
92426182-28f3-4d67-8816-41a58f78c3d5.png,10
925d5412-3fac-4383-bc39-10497f799ffc.png,39
92615279-77a3-46e0-b557-625fd54f58e3.png,56
92a12019-c103-435a-a913-7f998877b86e.png,18
92c994e0-b899-404f-89f0-a1b0b58f982e.png,49
92e67d1a-a08f-41c1-89f5-3b0b18b074f7.png,54
9379cf84-50a2-4582-bab7-0a84b2782bcd.png,15
943cc0ce-5966-4503-8033-ad3a85f35842.png,32
949f86e0-151a-4eec-86e4-5247f29da8e6.png,53
953410d5-eb12-48a6-90a1-d1d54ea52d61.png,40
954d91e4-6e49-4210-8d2a-66e2e4d48b23.png,20
95537b27-be88-4eab-b8dc-95b6ed3e5c0f.png,11
95561b85-e88d-445f-b6c8-6071a9518bb8.png,36
959d299e-b920-4955-bd32-4e7f037dce59.png,6
95a5770d-8920-4f82-8909-f3373552e700.png,15
964ffcb5-0822-40f0-a667-e39b6074940d.png,13
96b58102-49e0-40b3-92cc-e5dc9258ab6c.png,19
96ba18ef-cc33-4a93-8f3f-8bd967fcf38f.png,13
96fc50f0-7db9-4b25-9c08-3bb00895dca0.png,19
976820e0-878a-4f10-a5b8-e9763167ff83.png,2
97ccae1c-9507-430c-803f-a0b647f2c85e.png,37
97d7afc9-0ea3-48f1-b5dd-f707b3ed2009.png,29
98076530-3681-4944-a0f0-75af25df3c64.png,5
9843b48c-9d9d-473c-b4e7-f574f91934df.png,33
98586fd5-c56f-470f-9451-729b8ac31c27.png,10
98599b8d-353c-4f94-b558-b97d808be6c4.png,18
98629c87-a5bc-4f43-b8f5-d3aa19919185.png,3
98fd8458-f032-415a-acac-0a08d8bd7b10.png,21
9900be71-1737-4eed-9f0c-8eb4c50bbdcc.png,38
9942d30b-efb0-4014-b0b6-66a547e574be.png,5
99e4fd03-8c1d-4198-b86c-e46e54d0f69b.png,18
9a1aff25-8366-494e-8b76-73a3568e13b2.png,3
9a2087ae-a143-4fd4-a1d7-d278bc9c7f42.png,2
9a299cad-c55b-4be8-bb2a-71feeecf92ad.png,20
9a67f5ee-0aab-4351-936a-019bc650421d.png,8
9b46b871-89f0-4e99-816e-b8a115704da2.png,9
9b7a479a-5d13-4caa-9fe6-e7a9bb649459.png,7
9bd1e009-c237-4669-932c-d60c15a9c713.png,52
9d1e55fd-df7e-474c-8b3a-477b1beea36c.png,49
9d4ed84e-fcc2-4d92-81f3-8a923ce9226b.png,2
9dec11b7-bc94-4bea-86ca-1537cf62e8d7.png,23
9e32b37f-7364-422e-98da-ab3803d0dbc0.png,10
9e8c82a9-019f-41da-b492-83ee134afbe4.png,53
9ea75e07-2df9-4b92-a978-40d1c2da4ca9.png,45
9ed8a679-a9a6-44c7-8a5e-25d8a79bb060.png,5
9f8de02d-6aa1-447a-8bf3-acdfcaf996b8.png,32
9f93f480-834a-4f25-b987-47a1e4f68684.png,27
a01100f5-6e36-4a68-9f0c-f2630075ac2f.png,26
a0a68e94-4294-44bc-b594-8497923b84fb.png,2
a1176d9c-0dea-43e5-9465-be8e5fb2e7ae.png,1
a120eded-58ad-463b-a702-afc8fb85021f.png,3
a1561747-f54f-48be-a313-97569aab5e10.png,23
a20c8e70-3cd3-468b-8e54-bef35de3df91.png,19
a237731c-86be-4069-870c-9a9f1e650e58.png,2
a267f1f6-1ce7-430f-bea4-993e35156040.png,30
a2a446a4-972a-469d-9c4b-ce7214b9734a.png,15
a3d81378-545d-4bcc-aab1-41331b507ec3.png,2
a4794437-bcd8-41fb-8939-e2876c874cb1.png,60
a49816db-9a12-4a38-80c6-4eb8997e63a7.png,13
a49dddb2-8361-4573-b14e-dfb75f4464e7.png,4
a4a303e6-eb3d-4e1c-963b-9e3cbf1b95db.png,60
a4cd4cf1-6311-4726-ab56-6c222515ca9c.png,2
a51a2839-fc0e-485f-aae8-4ceda520794b.png,15
a566927d-d832-4fac-b7c3-6dbf60557813.png,13
a56b6f12-53f6-4f39-89dd-ef0fae1cc6dd.png,22
a5e54ff9-3df1-46e6-9107-6abcc0ec9714.png,14
a601beb9-a530-4ba8-81c8-c703b2e378e7.png,40
a614efe0-e769-43bb-9f04-333535cc1848.png,9
a6636354-a3a3-41a7-9667-e5c6581777cc.png,33
a6669e48-f169-41ab-baf5-88046d7c11c8.png,38
a695c3e3-6b91-4b13-bd17-07b84ec4db36.png,4
a6a871bc-e9ee-433f-b6ca-e7eb346f8c40.png,30
a730bf01-626f-4872-9db5-d93b8a34a56f.png,13
a73a25cc-cecf-4783-bb60-2cd2dc5687a8.png,8
a767cfe4-6d3a-45cc-bb89-8a79b4174841.png,5
a805dbae-125c-43eb-b6da-9ef65338546c.png,33
a8290fe0-c618-462a-912f-d9aa2ab39ed1.png,57
a8c7c2d6-d746-4239-ba21-42994d889ca3.png,23
a8d1e64c-5f51-43d9-bb49-fa2da069e69d.png,51
a8e5c8fc-539a-44e3-a1f7-3119c30c72e0.png,36
a973fef3-46a4-4086-a561-5ff3e43bf25b.png,15
a9baa55b-feb2-4a2f-b218-d3e9913c4af0.png,16
a9d8784c-b0d9-4607-8080-ea8891512d75.png,32
aa217285-9a99-4f3f-a0ac-609b8ee85a6a.png,23
aa34f605-7b2e-4063-a3d9-ee4d6076f762.png,14
aa480fbb-ede3-415f-bd96-dcfc9a149673.png,27
aabc9389-841e-4117-b0fb-42328e0e384f.png,23
aaf6029f-16a7-4731-837a-6408164c0eb4.png,15
aafd0afc-48d0-4c11-a14e-7f67c0a81bd9.png,60
ab0b4636-df36-4073-99f9-9a2e5bf01b89.png,2
ab32aba4-db9a-4def-89e3-99c3d78e9ca8.png,19
ab682904-2a58-4cde-82a1-1669afef3705.png,15
abf08521-0043-49f8-85ae-48117e393071.png,49
abf0d71b-4f70-4d39-b3f5-1eeab707fa75.png,17
ac313bdf-084b-4717-accf-a4a0c67af51e.png,3
ac56579f-dfde-4526-8374-29bb39b7d2b3.png,23
ac61c907-a0f1-4654-9511-20980eaf690e.png,38
ac6d92f3-92e2-4316-8382-9779ad1dbd45.png,52
ac893723-6b92-470a-8d35-a37a4f4f8fda.png,7
accd49fd-dd36-4d1e-96d7-8ecde2d3cf62.png,5
ad355ca3-a861-4ae6-a7bb-d3ca66b26648.png,22
ad511821-b5e6-4fb5-b1a7-80a1db2b5956.png,19
ad6b980f-0015-43c6-8716-b2ed24eb50a5.png,23
ad86661a-c8bf-4c67-810b-ad8afd7f22cb.png,56
ad98a19b-81b1-4886-9319-e1b45b841927.png,23
add22b08-89af-4f3c-b9e9-8e47d28ee9cd.png,57
ae0063b0-3929-470b-b977-075e3bcef5a8.png,36
ae657d57-8d26-40eb-a3a6-5f8bad0d1d8f.png,15
ae758d41-ba4a-4458-80fa-c6af50ccda8f.png,37
ae766bdb-04d6-4823-b7e3-16dda4a625c2.png,39
ae9fef1c-3b87-4d5b-8d75-d34ef751e2eb.png,21
af0c88f8-e58b-4fa0-bf29-926daf0a4284.png,51
af0db8d1-9976-4206-a8be-bc9566175f6e.png,15
af27f5dc-0c9e-4535-a759-01170016c6bd.png,19
af592796-e5c0-49d5-a050-90dbe4c939cf.png,20
afb4e3e1-f147-463d-b35c-d22e4e31c81f.png,18
afbf2ef7-b0e1-40a6-8e5b-454cfd3ed5ca.png,6
b0163185-3a4c-406f-ac53-93e490db3936.png,24
b02d3d1d-5014-46ce-bf5d-dbff276df5ae.png,19
b048fceb-b55c-4c2b-96af-d50ed343b598.png,19
b136789e-ed82-42f4-ad20-bcf425a69b25.png,37
b1b82d6e-7b4e-4bba-97b0-864940e0a21c.png,20
b1e17b72-64f5-4539-8fbe-9b7c31fdc8f5.png,3
b1e58724-7512-4a91-a58c-d0994289db6a.png,33
b1fa0b30-7e5c-4e54-b27c-d7a8cda984c4.png,4
b257432c-0d27-4332-b644-e68ea4c1170b.png,10
b2646ee9-3171-4737-8108-eca4ca494ccb.png,18
b311fb20-1f19-47a8-9aea-c0440b79e1d7.png,51
b341b471-a4b8-463b-b7b8-12bfc24aca44.png,27
b3a0944c-5525-46fd-a064-2d8d878669dd.png,52
b4bcd9b1-6f2e-4d4b-870c-a952b2756b83.png,50
b593acba-bd3d-422a-8fc3-ba3acc00446d.png,36
b5c6113c-7323-48bb-a953-499821012b62.png,10
b7599c4a-e5ae-4316-a671-95019eea1266.png,41
b779b28d-efb9-4b06-bee8-a36f224e31f8.png,33
b7cf527d-da81-4ca4-b85c-c6d72b8047e4.png,36
b7d3f3ef-df86-4cff-942a-1bc752df9ec3.png,36
b7f3ca8d-260c-4fb3-98f4-c688def113c0.png,37
b7f5d70d-08e5-4628-ae8d-b3c5cd4127ae.png,33
b8214c49-a49a-4bb2-8b9d-5db45e84450a.png,17
b8792f85-645d-4252-8dc3-87f9053af7f5.png,15
b8a3dcc8-16a7-4bfa-9a9a-bb14ae871886.png,2
b8e28124-baaa-4676-b2fb-6942859a9bce.png,59
b924a383-1ede-4cba-8e23-b821bb8dbea9.png,60
b964dcd0-bb9a-4ee2-b8df-29590d60db4c.png,36
b9c15aff-1f38-47fc-b12a-fd80ac5191c1.png,4
b9de4256-f639-474b-be0e-43f00d1b3eff.png,40
ba51909d-843e-408d-a6eb-dc15d016a4b6.png,20
baa67414-955a-4033-bb4f-ab03f8970afc.png,33
bb10709a-35c2-421f-8de6-dbc0bb450fd3.png,28
bb40900c-1edd-47d0-82af-873d7bdeeffe.png,41
bb5c0d18-ef07-4e03-94d7-a586912d5f9b.png,16
bbaede2b-2149-4a6c-8e01-73d8299753bc.png,57
bbf54e1d-3db4-47c7-b2c7-87992987ba8e.png,17
bc394cd5-1de4-45c7-a8c2-fa64378bab62.png,15
bc7bc138-9216-4cee-a12a-c2ce721ac665.png,33
bc856a97-ec67-4e46-90ae-d981fb3f4a8f.png,27
bcadc340-4b05-400f-8ade-7c96f2eb0c41.png,44
bcaea671-377e-4fae-8940-fe340145889b.png,37
bd25cc5d-e566-48cb-9ced-e25e9261e918.png,48
bda98e5f-3794-4e55-80da-d716eb19052f.png,60
be1458bd-8765-492b-8f7d-dfce7c3b4ff9.png,4
be1689e5-4a33-40a9-b7ae-0d7e314f5ba8.png,35
be1d60d8-c9bf-44c6-9f29-d768a9484a9c.png,10
be713dc1-dd00-4543-9aaa-3dc90607acd0.png,57
bea0f62f-5d06-490b-864e-9bea605d0163.png,9
beab3fae-1b6b-4ccb-aa04-341aa47a1271.png,6
bf22926c-ecee-4726-966f-4ddb0f179ba6.png,16
bf7301ce-0cec-4d09-acf9-9d700c7e88f9.png,40
bfc069c3-20ea-4aab-ae91-cfe02bfae3d2.png,2
bff8c502-039a-4f9b-ab19-03ec4cfa2abe.png,7
c015ce54-32e4-4dd1-bcdd-be1a47b9623a.png,20
c01691df-ab30-41b9-b37d-44dcbcf28260.png,36
c093f011-7407-4ccb-9bf5-5f7f8eeae56f.png,10
c0ac0f17-450e-45bc-a254-39801ff82d13.png,33
c0f64933-173c-4b2b-af7a-055b50cb87cf.png,3
c0fb2c84-dc55-4c8a-b9d2-adc71c7f1024.png,36
c10a39b5-9fea-4cae-a571-eed20d332f0b.png,24
c150cfca-e38a-4114-899f-70fe7f574a4e.png,6
c17bc1d8-863f-43d3-82e8-790ec458b70d.png,20
c20a7548-0446-4a3a-b0ed-de575fddccec.png,48
c2139614-7489-47bf-85c5-2865cf00359c.png,24
c25291f7-b7a9-47a5-82a7-1573f3eced56.png,54
c2a32f22-47b1-4561-90b0-9fa22c1d97f4.png,33
c2bd4d9e-5f7b-4293-89ba-221332bb1efa.png,48
c3e4e327-f41a-4d94-894f-7dccc2809e4f.png,9
c4162923-8a54-44a9-be45-8724867c7e49.png,47
c4168140-1ea2-462a-9ef4-d845e6d4b8eb.png,27
c441766f-f4b7-4a12-915e-c08b1bfe468d.png,32
c478e440-b420-4eb9-9032-c67b7ef1f042.png,18
c4df8574-be9a-4a95-96e8-fb46dd30501a.png,27
c4f662c9-f52a-44b2-8466-8bc7645606fc.png,35
c53e7a9b-5666-44bc-a958-2b3d83ac1e79.png,9
c54e652e-9e43-4d12-bd81-a20487ec4195.png,23
c55b4b80-9ae0-4927-90db-8f6a1f215867.png,52
c5609b72-8fa3-49a6-9ef4-344b3b18b463.png,9
c5b75051-351f-48f8-b390-f8fa7b37e5d4.png,20
c5c2c72e-bc06-41db-a77d-60020eb8789f.png,9
c6695c08-2eb7-43aa-9c30-662922f84ff3.png,30
c66f5a2c-7c55-466f-b190-c8565a0a969a.png,18
c6884868-7888-4b24-87d3-6c4682931ec9.png,60
c72cd71c-fec2-4aee-b582-cde280c33a91.png,18
c74205c3-a394-4237-8a3a-58d163559363.png,22
c74cdce8-aceb-4be5-84d7-f0d1bac30e74.png,9
c75d8b53-f2d0-41d9-8d58-f40c39809867.png,15
c7dee097-66c8-41db-aa11-f0c7f71152ee.png,10
c7f9f5fd-37f9-4ee5-b019-b4f47a253198.png,1
c86821c7-f9de-4915-8b05-208c0b9bf137.png,51
c889ef7c-ad2b-4fca-8a05-869138dad3e5.png,27
c95522cb-223f-4ec5-95c4-8c95712d9fae.png,5
c9a7fff3-46e3-4153-83bb-bc5b4b734431.png,8
c9cc2677-acbb-4d0c-922e-d2365e795f9a.png,61
ca2ce785-5b30-46b0-ad5e-6bd2403d459f.png,2
ca492100-2dc1-4ba6-b0ca-444f1f3092e6.png,13
ca6f6575-9137-4a05-ad73-ada6975e600f.png,36
cac09234-2397-4e9e-a815-421718ff56eb.png,24
cadf3a40-3da3-495c-8fc5-cfcca9f60eac.png,7
cb24eb3d-0110-4cd2-a166-108a91ad9fdb.png,10
cb5ed03a-5aac-4a65-9343-94487031f65c.png,36
cbeed171-20c2-4a29-877d-5c52357f3952.png,15
cc1c1339-23a0-475e-a87e-ecdb0b09a1d5.png,3
cc7d6c26-3b9c-4b56-a7eb-2f800f4e51fd.png,46
cc89db19-b00c-4154-8b90-60bcd424a3d6.png,37
ccd4d80d-d695-4335-8510-65159c4778a8.png,24
cd183cc2-e3ef-4e96-8b3b-c8886fe20cc5.png,37
cd3c9d9d-5e29-48b2-b1fe-73abd5a12c7d.png,15
cd50199a-2d27-44fe-82b7-8d7287b33b87.png,9
cd5fc823-683e-46a4-b59c-74ef46e6aee2.png,28
cd7ab9ec-032e-487c-9632-8352ccd9546f.png,5
ce048aa6-3d38-4019-b8e7-1b16f89995b5.png,19
ce452021-7bef-466b-94ca-a3b53953d5cb.png,5
ce46dbe0-b8c0-40d2-8ffd-5c476753522e.png,37
ce4dc80f-90a2-46b8-a95d-2c7f90154ca8.png,36
ceb514b2-49e5-4cd9-84d5-355813de701c.png,13
cf2d6ba7-9377-4255-9c83-85599c997e1c.png,4
cf98fa32-b2a9-4ed8-b5b1-8349de7945de.png,10
cfb6eb10-4168-4504-8d4f-57024ad20898.png,40
cfc1024c-e78d-4595-9a8f-7df9df13b530.png,31
cfcca56d-90b7-4378-895a-aec75e960bee.png,9
d01dd68c-8d78-4ddb-a17d-086d3b39c370.png,51
d061776f-3178-43a7-b1d3-0f5264b968f8.png,33
d0f47be7-1b4b-43ec-8c81-9f55cf74367c.png,15
d14af006-6a05-4a76-ad66-28346bdfd30e.png,30
d154c196-1dee-47da-b44e-73596904066f.png,17
d162e019-ec25-419c-9d99-ded9872bf5de.png,13
d1a00da0-db06-434d-9b9d-1a28a46e1ddc.png,22
d1a70bae-6e87-4d9e-a82d-bf2639a13c90.png,35
d1bb0d79-df5f-4ae0-b34a-49e785dcaa80.png,14
d1d51dcd-370b-4264-b51c-30343834681f.png,8
d20f1795-14aa-43db-85d9-acefa8d3b6e2.png,60
d21ce5ac-a022-4c65-988e-1accf4dd4070.png,14
d2741107-a875-4a2a-af0d-e2cf9e0ed647.png,3
d295e0c3-5aa6-4e5d-90d5-898a00fb8bac.png,36
d2beba5a-4384-4465-85bd-33cbec9f1ea2.png,15
d2e13072-0fd0-421a-9bb3-9b573d027b42.png,17
d33a5747-3882-488a-af07-f9ebb92ad9d4.png,27
d389daa0-6d57-4098-8843-9bde73645533.png,36
d38fc14c-3ea0-418c-9ea8-807a6e0ff5c8.png,58
d3c1eaba-92c3-4a5c-9c6a-ee791cee85ed.png,10
d42ce6d5-6e3b-42d6-b908-fd890fa24b7e.png,19
d493f5ff-065b-4412-a9dd-11f79eab8325.png,50
d4ae730d-35bf-4a89-9d80-951f209fd15a.png,19
d5088d98-4933-4077-89f2-f5bebaf8aabe.png,23
d5431047-79e1-442a-b8c1-551faa1b09e1.png,17
d59a28d7-d260-47df-bda5-5de1c5c1fbba.png,33
d5ca91b0-9192-410f-8c24-9bcc56cac61e.png,54
d5fd4919-a7d3-4fb0-81cf-086ddbf851af.png,28
d610bc8a-cdb2-4a96-b412-e1908f2e9b00.png,36
d614edae-4dae-4707-905d-c51e1bd43fd4.png,13
d624ef2e-545c-4369-87c9-47a9e192f510.png,37
d641ba63-2006-476e-b2c9-7644e53a8b6d.png,8
d69b5519-5f0c-414c-bf83-5ddbbfc32fe2.png,40
d7159b57-a41e-4643-935c-939efda792db.png,6
d7a45624-2ecb-4e12-9a80-ecd41889e5f5.png,18
d7b02f47-a706-4f17-8b33-20973590bfd0.png,18
d7bba06d-3d02-4d66-b2e8-d62b475430f0.png,8
d7fa397f-e6af-46b1-b0f6-434e0de5d2b1.png,33
d82b5e79-d1ce-4465-975d-f7ff3705d5db.png,0
d853a7bd-aa51-4f31-96aa-6b9a541f237e.png,17
d877dcea-87cc-42d6-a7f0-e2f93340dc98.png,41
d88410d2-5281-443e-9fef-a320e1ab2bdd.png,32
d8987884-02ec-4b47-a5ef-d8c2d4de0644.png,27
d8fd349f-eec8-46a3-a0d6-51914f951819.png,18
d92b6cc5-2d24-41fc-8dc9-9d48e66c06cc.png,20
d93b9f6b-966f-4d55-99a1-1d42db1488f9.png,8
d9459124-102a-43d8-bc4b-7a0cdf1e0afd.png,35
d94d60bc-0863-497c-816e-676802c4d88a.png,19
d9be8919-fc0b-497d-a39e-6964bbc06645.png,20
da342a27-0347-43dc-a96e-30834c6fa166.png,15
da89a7b3-1dcd-49ea-8df3-4cd0f5d9b5d0.png,18
db115d16-66b9-4ec0-a415-ff8247a7cce7.png,24
db882c21-0fea-4037-8c60-a0a7fc8e7ae7.png,10
db8903e0-bfe5-4d75-b01c-afacd8a960b1.png,9
dba90261-85fb-4252-829e-cbcc194d4d18.png,6
dbcdd8bb-573b-4515-aef5-9009ddc87ff8.png,24
dbfcccd5-8e99-47d7-8bc9-365ec8ebe7ce.png,36
dc04e020-c98f-479a-b648-21a5d3d4c464.png,36
dcba9235-1463-4798-b22d-6a30eb30ffd8.png,56
dd1a7621-75c6-49c5-978d-f332f2f549b4.png,23
dd3c2e50-3066-4c34-9e77-b0ccf3b86ff7.png,7
de29df41-4c37-4fe6-a322-a86385e85418.png,56
de48fe6c-266f-49c2-8b30-1f1fb516f514.png,54
def3c93f-d648-4c1f-9108-b40b06c51498.png,13
df183fa1-e69c-4914-9e08-3f9d7a13e0de.png,32
df378963-0afd-44f1-aeac-c1c8a9bd127e.png,20
df9d1fe4-6f43-4cf8-8f70-e974a50ed7cf.png,6
dfc818c4-ca28-4268-8b2b-b558fc7767dd.png,30
dfecd2b0-0edd-490d-9605-12901195060c.png,8
e03dbfb7-fbbe-4750-b76b-24b5fd6fc4b9.png,15
e0990375-fc77-49de-95a1-fb2f1a164c59.png,7
e0cde7a5-0fea-487d-a73f-27b5a1f55432.png,23
e0d3d504-e910-4fca-8ff1-c7f672e6b582.png,13
e0ed153c-021a-4e83-9cb7-1ad97dfa08c3.png,57
e158055a-6ad0-4b11-8ab8-9ebc7fcf42a7.png,20
e1d03c5a-6694-4296-a548-1c818a923b56.png,38
e1f07cb3-b33c-4c62-bc82-2a2d1c97176f.png,21
e26ca251-f076-4e91-a7db-78b6b35eaf20.png,22
e2b0699f-2f29-4160-8bcb-63ec5ab4ee78.png,32
e2b2826c-9e82-4265-a81b-11b0977335d6.png,20
e350df81-da48-45ee-aa74-48ae121ee5bf.png,8
e3dac335-3e1d-4466-8bf1-aa555a50c6a4.png,50
e3f33342-e2a3-4613-9420-e0aa021f8a54.png,36
e3f92e84-a71b-4b33-bfb5-759b510ddadf.png,14
e4275942-34b4-40f3-810f-ec5d265bee55.png,8
e485648e-d2c1-4190-8116-50dc8ef8219a.png,39
e4d96817-9aae-468c-9d8d-b5f2f68be803.png,21
e57471de-6527-4b9b-90a8-4f1d93909216.png,43
e582c566-3dc1-40d7-9208-7c27076c66b1.png,49
e5f1477a-ba5c-4407-bdd0-82df17faf9e3.png,13
e5f92178-d5d9-428f-8c78-197705070e4d.png,47
e63e409a-296b-41ab-bff1-1bc1b1a8d5b8.png,26
e649a2dc-8a92-4f27-84ca-6f75ed7f5c1f.png,19
e68b4c1d-af25-4ae0-a98e-8da17095f8dc.png,36
e6db7ece-9598-46f0-aa7e-8c90e84e9ff9.png,10
e6e923c5-7c6f-4b2d-8d42-2d2c93143470.png,26
e718c6ed-b4bd-4862-bd29-9d9605f46594.png,23
e73f5875-d1f8-494d-abfc-51c4e758d0b3.png,16
e7ea7c6b-ee98-4cd6-888c-75912e348e5c.png,20
e8159c69-861a-42f2-84ad-61c1199fc75e.png,7
e834a1ac-8667-46ce-8b21-9751f88760ff.png,5
e86d0246-d7b2-4a9e-9a05-40f2ed1207e0.png,44
e9135c91-c095-4935-b3f8-9d20633b8d65.png,19
e950df42-600b-4f89-8c4e-13c086f4eea7.png,23
e96c7760-3c3c-475c-bbc2-1584b7a8cb0c.png,35
e9885de6-96f2-460a-8b4f-5d2ea3f638f3.png,60
e9956f07-03a7-4265-bb43-4e852537bca4.png,37
ea2fb2bb-67f7-4df5-a503-7e2dacabb652.png,10
eac30f2a-f54a-4fd0-9987-1ffc6c48e7d1.png,56
ead165b7-6b44-4ca2-ad3b-1cf1c4b2be67.png,15
eb822f04-75f9-4e54-8a6c-dcb6b7de0377.png,16
ec1513d7-9d6a-4fb8-98f9-b3c0eb361fe8.png,43
ec54a338-077b-43cc-b12b-773bacc2e6f9.png,10
ec8a75e6-ecb7-43d5-8ea6-2a4ca5486926.png,52
eca4a65a-20eb-40f7-9892-bde60c7b3111.png,9
ecc697dd-8807-4666-b54a-6cb0a3f360ae.png,7
ecd1012c-76e3-41eb-b9b9-65ba64a5f118.png,33
ecf7194f-32d7-4561-a116-9bb3e4db363f.png,15
ed6d989d-f722-4be5-b645-ff6d0340eebe.png,30
eda4e66e-d882-42a4-a5dd-6cafaae33899.png,5
edd048f8-aef1-464e-ae90-1b0ac7ee8d26.png,6
ee051b4e-bf0b-4e94-8dfd-139777389844.png,18
ee0aa2a6-bf7a-4541-9dd6-d7226bf8eb63.png,10
ee3637d6-6f32-4ec6-904a-67a6b03abd37.png,32
ee650828-17f7-4586-9333-137bd442e7de.png,29
ee6ac3ba-d924-4d02-8c73-ea366398e1f3.png,5
ee76f28b-b9cd-4954-83e9-e731f3736a69.png,4
ee7d77f2-5a47-4b17-82f8-494d3482baa0.png,56
ee9fae1c-12a0-40b5-905f-f39145880e37.png,10
ef5543db-6334-44a7-b1e6-86e3d77b89a6.png,19
ef5e7eda-3b72-4ab6-b77c-7d367eb3daa0.png,15
efc1c680-6674-414b-bf5d-3968f16c6e07.png,48
efc2970f-be5c-4a27-aa3b-aafe68473f86.png,38
eff40810-8ab4-4085-8f68-669ba17920c6.png,9
f05fcb3c-5735-47d3-b5c2-a9ad33b711c7.png,36
f076d2f3-c13f-4487-8390-eebfb29380be.png,11
f0bd03e7-0721-4bb8-88dd-4db68840c944.png,35
f1002dc9-2c3e-40ed-bcde-f6d598e383e3.png,5
f1066a96-404c-479b-a225-c2b5b0911a05.png,23
f10b3009-4a25-4528-b916-4cd21de74706.png,32
f1688b19-abb2-4135-981c-cd9d69487af5.png,36
f31ec574-97a6-4a80-b77b-a667fd525564.png,9
f341d59d-7b9a-484d-9d10-ad96c7a0f083.png,9
f372d9fa-bb64-45eb-b004-34e662fbe1b9.png,17
f391eb85-0108-4ec4-a7cd-cb0a311a92ae.png,18
f3963e00-4aa8-4155-9119-1f1d806dde21.png,17
f3a6b2b5-4725-45e2-aa0d-0a099182b29e.png,14
f3d6e3da-0246-47d7-b536-e058affa4d36.png,28
f40368a9-44dc-4fab-9e2a-70aef8ce104c.png,6
f412391c-4df7-4400-a023-f1c2eed29816.png,21
f5457341-ce38-445e-a32b-fa2be75795df.png,4
f6aaddd0-f556-4898-b51d-ff5add77390c.png,28
f6aeabe3-24d9-41e6-b45f-b6253c0bea14.png,50
f6b03910-a688-4ff2-b713-c9287fb01a92.png,58
f782ef4b-624f-4ec1-b113-1cc5a6d82d35.png,16
f7a49e63-db55-4513-b2a9-1312a7b73f50.png,20
f7d75364-2496-44dd-80ea-8ea287e091de.png,24
f7db616c-33f8-42c0-b62d-31e6faf10a82.png,4
f7e69f96-029b-4db8-b84e-8dc2bb7fa209.png,10
f81e75e1-ec48-4221-be79-4599f7972418.png,42
f835950a-5e9e-41c3-a14b-a54f1c283a51.png,58
f87e9c77-798e-4c78-accf-e3e72dfa5ebc.png,30
f8cfe0e5-f9e1-4829-975c-a0f37f263ac7.png,36
f94b58a6-ef0a-4797-b5bf-dd4808f7b59d.png,2
f9b1560f-1db0-456a-8f15-9dafcf095ec7.png,3
f9ff27c5-23bb-49fc-ae53-be80fa049215.png,5
faaaea1c-f78d-48f3-956d-1c5cc050ded2.png,2
faef94fb-9d95-4463-ab40-bdf4194c6a47.png,17
fbca9aa7-a15d-4cc2-8768-fcff2181a1e1.png,13
fbfa18dc-3dd3-4d46-b881-0dfa79df447c.png,23
fc1992e5-304c-403e-b905-ad80f4ac3173.png,18
fcbaff81-bb12-41cd-a63a-b37ea8684294.png,36
fd0e0435-fc2d-41c1-a41a-2b91854a944a.png,18
fd1caec8-b637-4212-9322-dcb1b7ac8e18.png,50
fd50992d-8e09-441c-a55e-a0dc8d02be2a.png,33
fd86eef2-7181-4cfc-b99e-443eff5adf03.png,33
fdbf3a09-dec1-44ad-820c-26d8835f407f.png,9
fde45a37-8649-4f18-a493-7d1fb9df3fe1.png,37
fdf7da0e-e82a-4f77-bffe-e0148d060070.png,28
fe028821-9968-473c-8d47-836ff3e6699a.png,14
fe41a271-2bba-40aa-b153-14a54be4d8a1.png,21
feaee038-cbed-4fbe-a7ab-1ab491807a7c.png,13
fef7660d-2c03-40da-b0c3-7bfc916d4a56.png,18
ff38d59e-9a11-41e4-901b-67097bb0e960.png,34
